companynumber,code,company,renewby,adbegins,aditem,size,color,insertions,adprice,specialfee,sfprice,AdTotal,location,type
2106,2106-05-2017,A-C Guys Inc.,4/13/17,May. 2017,4colx5inch-BW-6-May2017,4 col. x 5 inch,B/W,6,108.0000,,0.0000,648.0000,Ocala,RENEW
1689,1689-05-2017,Adkins Tile,4/13/17,May. 2017,3lineclassified-BW-1-May2017,3 line classified,B/W,1,25.0000,,0.0000,25.0000,Ocala,RENEW
1349,1349-05-2017,Alterations by Ernestine (R),4/13/17,May. 2017,3lineclassified-BW-1-May2017,3 line classified,B/W,1,25.0000,,0.0000,25.0000,Ocala,RENEW
1373,1373-05-2017,Bob''s Screening Service,4/13/17,May. 2017,3lineclassified-BW-1-May2017,3 line classified,B/W,1,25.0000,,0.0000,25.0000,Ocala,RENEW
2244,2244-05-2017,Burns Tech Services,4/13/17,May. 2017,3lineclassified-BW-3-May2017,3 line classified,B/W,3,25.0000,,0.0000,75.0000,Ocala,RENEW
1152,1152-05-2017,Caregiver by Blank,4/13/17,May. 2017,3lineclassified-BW-1-May2017,3 line classified,B/W,1,25.0000,,0.0000,25.0000,Ocala,RENEW
1983,1983-05-2017,Caregiver by Christine,4/13/17,May. 2017,3lineclassified-BW-1-May2017,3 line classified,B/W,1,25.0000,,0.0000,25.0000,Ocala,RENEW
1641,1641-05-2017,Central Florida Window and Door LLC,4/13/17,May. 2017,4colX10inch(Horiz1/2Pg)-4Color-1-May2017,4 col. X 10 inch (Horiz 1/2 Pg),4-Color,1,365.0000,,0.0000,365.0000,Ocala,RENEW
1861,1861-05-2017,Clock Doc (R),4/13/17,May. 2017,3lineclassified-BW-2-May2017,3 line classified,B/W,2,25.0000,,0.0000,50.0000,Ocala,RENEW
1951,1951-05-2017,CNA- Whittaker,4/13/17,May. 2017,3lineclassified-BW-1-May2017,3 line classified,B/W,1,25.0000,,0.0000,25.0000,Ocala,RENEW
1943,1943-05-2017,Cody''s American Restaurants LLC,4/13/17,May. 2017,FullPage-4Color-1-May2017,Full Page,4-Color,1,605.0000,,0.0000,605.0000,Ocala,RENEW
772,772-05-2017,Computer Help by Arthur K. Burditt III (R),4/13/17,May. 2017,4lineclassified-BW-1-May2017,4 line classified,B/W,1,30.0000,,0.0000,30.0000,Ocala,RENEW
772,772-05-2017,Computer Help by Arthur K. Burditt III (R),4/13/17,May. 2017,1colX3inch-BW-1-May2017,1 col. X 3 inch,B/W,1,50.0000,,0.0000,50.0000,Ocala,RENEW
1482,1482-05-2017,Cray Construction,4/13/17,May. 2017,2colX5inch(1/8Page)-BW-1-May2017,2 col. X 5 inch (1/8 Page),B/W,1,80.0000,,0.0000,80.0000,Ocala,RENEW
2241,2241-05-2017,Crown Carts Factory Outlet,4/13/17,May. 2017,4colX10inch(Horiz1/2Pg)-BW-1-May2017,4 col. X 10 inch (Horiz 1/2 Pg),B/W,1,240.0000,,0.0000,240.0000,Ocala,RENEW
2259,2259-05-2017,Custom Sewing by Cicily (R),4/13/17,May. 2017,3lineclassified-BW-1-May2017,3 line classified,B/W,1,25.0000,,0.0000,25.0000,Ocala,RENEW
1717,1717-05-2017,Danny''s Cast Painting,4/13/17,May. 2017,3lineclassified-BW-1-May2017,3 line classified,B/W,1,25.0000,,0.0000,25.0000,Ocala,RENEW
1884,1884-05-2017,Florida Medical Hearing Centers,4/13/17,May. 2017,3colx17inch-4Color-1-May2017,3 col. x 17 inch,4-Color,1,431.0000,,0.0000,431.0000,Ocala,RENEW
455,455-05-2017,Friendship Center Golf Cars,4/13/17,May. 2017,3colX8inch-4Color-1-May2017,3 col. X 8 inch,4-Color,1,269.0000,,0.0000,269.0000,Ocala,RENEW
2010,2010-05-2017,ImageLift,4/13/17,May. 2017,3colx20625inch-4Color-1-May2017,3 col. x 20.625 inch,4-Color,1,485.0000,,0.0000,485.0000,Ocala,RENEW
1601,1601-05-2017,Kumar Keertini MD,4/13/17,May. 2017,2colX6inch-BW-6-May2017,2 col. X 6 inch,B/W,6,86.3300,,0.0000,518.0000,Ocala,RENEW
1921,1921-05-2017,Leisure Time Golf Carts (R),4/13/17,May. 2017,3lineclassified-BW-1-May2017,3 line classified,B/W,1,25.0000,,0.0000,25.0000,Ocala,RENEW
1921,1921-05-2017,Leisure Time Golf Carts (R),4/13/17,May. 2017,3colX10inch-BW-1-May2017,3 col. X 10 inch,B/W,1,180.0000,,0.0000,180.0000,Ocala,RENEW
1719,1719-05-2017,Massage by Elia Michelle,4/13/17,May. 2017,5lineclassified-BW-1-May2017,5 line classified,B/W,1,35.0000,,0.0000,35.0000,Ocala,RENEW
2043,2043-05-2017,Mattress Time,4/13/17,May. 2017,5lineclassified-BW-1-May2017,5 line classified,B/W,1,35.0000,,0.0000,35.0000,Ocala,RENEW
2144,2144-05-2017,Miles & Miles Home Cleaning Service,4/13/17,May. 2017,3lineclassified-BW-1-May2017,3 line classified,B/W,1,25.0000,,0.0000,25.0000,Ocala,RENEW
2212,2212-05-2017,Mr. & Mrs. Blindmaster,4/13/17,May. 2017,3colX11inch-4Color-1-May2017,3 col. X 11 inch,4-Color,1,323.0000,,0.0000,323.0000,Ocala,RENEW
657,657-05-2017,Murthy Vas M.D.,4/13/17,May. 2017,3colX5inch-BW-6-May2017,3 col. X 5 inch,B/W,6,108.0000,,0.0000,648.0000,Ocala,RENEW
1847,1847-05-2017,Need A Ride,4/13/17,May. 2017,3lineclassified-BW-1-May2017,3 line classified,B/W,1,25.0000,,0.0000,25.0000,Ocala,RENEW
1084,1084-05-2017,Ocala Bicycle Center,4/13/17,May. 2017,1colX5inch-BW-1-May2017,1 col. X 5 inch,B/W,1,60.0000,,0.0000,60.0000,Ocala,RENEW
1603,1603-05-2017,Ocala Dental Care,4/13/17,May. 2017,2colX7inch-4Color-1-May2017,2 col. X 7 inch,4-Color,1,237.0000,,0.0000,237.0000,Ocala,RENEW
1350,1350-05-2017,Ocala Interiors Inc.,4/13/17,May. 2017,2colX3inch-BW-1-May2017,2 col. X 3 inch,B/W,1,65.0000,Placement Fee: Classifieds Page,50.0000,115.0000,Ocala,RENEW
1985,1985-05-2017,Ocala Pharmacy,4/13/17,May. 2017,2colX5inch(1/8Page)-BW-1-May2017,2 col. X 5 inch (1/8 Page),B/W,1,80.0000,,0.0000,80.0000,Ocala,RENEW
2224,2224-05-2017,Ocala West United Methodist Church,4/13/17,May. 2017,2colX5inch(1/8Page)-BW-6-May2017,2 col. X 5 inch (1/8 Page),B/W,6,72.0000,,0.0000,432.0000,Ocala,RENEW
1337,1337-05-2017,Pressure Washing by Stephen (R),4/13/17,May. 2017,3lineclassified-BW-2-May2017,3 line classified,B/W,2,25.0000,,0.0000,50.0000,Ocala,RENEW
2231,2231-05-2017,Quality Air Specialists LLC,4/13/17,May. 2017,3colX5inch-BW-3-May2017,3 col. X 5 inch,B/W,3,120.0000,,0.0000,360.0000,Ocala,RENEW
2228,2228-05-2017,Quick Care Med,4/13/17,May. 2017,4colX10inch(Horiz1/2Pg)-4Color-1-May2017,4 col. X 10 inch (Horiz 1/2 Pg),4-Color,1,365.0000,,0.0000,365.0000,Ocala,RENEW
2005,2005-05-2017,S&T Quality Services LLC,4/13/17,May. 2017,5lineclassified-BW-1-May2017,5 line classified,B/W,1,35.0000,,0.0000,35.0000,Ocala,RENEW
1891,1891-05-2017,Sand Dollar Collectibles,4/13/17,May. 2017,4lineclassified-BW-6-May2017,4 line classified,B/W,6,25.0000,,0.0000,150.0000,Ocala,RENEW
2197,2197-05-2017,Sandalwood Rehabilitation & Ergonomics Inc.,4/13/17,May. 2017,4colX10inch(Horiz1/2Pg)-BW-6-May2017,4 col. X 10 inch (Horiz 1/2 Pg),B/W,6,216.0000,,0.0000,1296.0000,Ocala,RENEW
1160,1160-05-2017,Sue''s Painting,4/13/17,May. 2017,3lineclassified-BW-2-May2017,3 line classified,B/W,2,25.0000,,0.0000,50.0000,Ocala,RENEW
660,660-05-2017,Transportation by Anna (R),4/13/17,May. 2017,3lineclassified-BW-1-May2017,3 line classified,B/W,1,25.0000,,0.0000,25.0000,Ocala,RENEW
750,750-05-2017,Xtreem Kleen!,4/13/17,May. 2017,3lineclassified-BW-1-May2017,3 line classified,B/W,1,25.0000,,0.0000,25.0000,Ocala,RENEW
