companynumber,CODE,company,RenewBy,AdBegins,aditem,size,color,insertions,adprice,specialfee,sfprice,AdTotal,location
1009,1009-07-2016,Stagecoach Transportation,6/13/2016,16-Jul,2colX3inch-BW-1,2 col. X 3 inch,B/W,1,65,,0,65,ocala
1012,1012-07-2016,Joy Evangelical Lutheran Church,6/13/2016,16-Jul,1colx35inch-BW-6,1 col. x 3.5 inch,B/W,6,283.5,,0,283.5,ocala
1152,1152-07-2016,Caregiver by Blank,6/13/2016,16-Jul,3lineclassified-BW-1,3 line classified,B/W,1,25,,0,25,ocala
1182,1182-07-2016,HomeFIXology,6/13/2016,16-Jul,2colX4inch-BW-6,2 col. X 4 inch,B/W,6,378,,0,378,ocala
1297,1297-07-2016,Window World  Inc.,6/13/2016,16-Jul,3colX5inch-BW-6,3 col. X 5 inch,B/W,6,648,,0,648,ocala
1321,1321-07-2016,Timber Ridge Community Church of Ocala,6/13/2016,16-Jul,2colX2inch-BW-3,2 col. X 2 inch,B/W,3,165,,0,165,ocala
1337,1337-07-2016,Pressure Washing by Stephen (R),6/13/2016,16-Jul,3lineclassified-BW-2,3 line classified,B/W,2,50,,0,50,ocala
1349,1349-07-2016,Alterations by Ernestine (R),6/13/2016,16-Jul,3lineclassified-BW-1,3 line classified,B/W,1,25,,0,25,ocala
1350,1350-07-2016,Ocala Interiors  Inc.,6/13/2016,16-Jul,2colX3inch-BW-1,2 col. X 3 inch,B/W,1,65,Placement Fee: Classifieds Page,50,115,ocala
1373,1373-07-2016,Bobs Screening Service,6/13/2016,16-Jul,3lineclassified-BW-1,3 line classified,B/W,1,25,,0,25,ocala
1431,1431-07-2016,Great Lakes Carpet & Tile  LLC,6/13/2016,16-Jul,FullPage-4Color-6,Full Page,4-Color,6,3342,,0,3342,ocala
1482,1482-07-2016,Cray Construction,6/13/2016,16-Jul,2colX5inch(1/8Page)-BW-1,2 col. X 5 inch (1/8 Page),B/W,1,80,,0,80,ocala
1580,1580-07-2016,Radiology Associates / Flaxen,6/13/2016,16-Jul,4colX10inch(Horiz1/2Pg)-BW-6,4 col. X 10 inch (Horiz 1/2 Pg),B/W,6,1296,,0,1296,ocala
1589,1589-07-2016,Jerry Martin Irrigation LLC,6/13/2016,16-Jul,2colX3inch-BW-6,2 col. X 3 inch,B/W,6,351,,0,351,ocala
1603,1603-07-2016,Ocala Dental Care,6/13/2016,16-Jul,2colX7inch-4Color-1,2 col. X 7 inch,4-Color,1,237,,0,237,ocala
1606,1606-07-2016,Climate Control Mechanical Services  Inc.,6/13/2016,16-Jul,4colX10inch(Horiz1/2Pg)-BW-3,4 col. X 10 inch (Horiz 1/2 Pg),B/W,3,684,,0,684,ocala
1641,1641-07-2016,Central Florida Window and Door  LLC,6/13/2016,16-Jul,4colX10inch(Horiz1/2Pg)-4Color-1,4 col. X 10 inch (Horiz 1/2 Pg),4-Color,1,365,,0,365,ocala
1689,1689-07-2016,Adkins Tile,6/13/2016,16-Jul,3lineclassified-BW-1,3 line classified,B/W,1,25,,0,25,ocala
1717,1717-07-2016,Dannys Cast Painting,6/13/2016,16-Jul,3lineclassified-BW-1,3 line classified,B/W,1,25,,0,25,ocala
1817,1817-07-2016,P&C Transport (R),6/13/2016,16-Jul,3lineclassified-BW-1,3 line classified,B/W,1,25,,0,25,ocala
1847,1847-07-2016,Need A Ride,6/13/2016,16-Jul,3lineclassified-BW-1,3 line classified,B/W,1,25,,0,25,ocala
1861,1861-07-2016,Clock Doc (R),6/13/2016,16-Jul,3lineclassified-BW-6,3 line classified,B/W,6,120,,0,120,ocala
1884,1884-07-2016,Florida Medical Hearing Centers,6/13/2016,16-Jul,3colx17inch-4Color-1,3 col. x 17 inch,4-Color,1,431,,0,431,ocala
1921,1921-07-2016,Leisure Time Golf Carts (R),6/13/2016,16-Jul,3colx7inch-4Color-1,3 col. x 7 inch,4-Color,1,251,,0,251,ocala
2005,2005-07-2016,S&T Quality Services LLC,6/13/2016,16-Jul,5lineclassified-BW-1,5 line classified,B/W,1,35,,0,35,ocala
2043,2043-07-2016,Mattress Time,6/13/2016,16-Jul,5lineclassified-BW-1,5 line classified,B/W,1,35,,0,35,ocala
2116,2116-07-2016,Service Smart Lawn Care & Pest Control,6/13/2016,16-Jul,3colX10inch-4Color-1,3 col. X 10 inch,4-Color,1,305,,0,305,ocala
2144,2144-07-2016,Miles & Miles Home Cleaning Service,6/13/2016,16-Jul,3lineclassified-BW-1,3 line classified,B/W,1,25,,0,25,ocala
2151,2151-07-2016,Lenhart Electric,6/13/2016,16-Jul,Inserts(HomeDelivery)-BW-1,Inserts (Home Delivery),B/W,1,289.8,,0,289.8,ocala
2166,2166-07-2016,Martins Used Cars,6/13/2016,16-Jul,4colX10inch(Horiz1/2Pg)-BW-1,4 col. X 10 inch (Horiz 1/2 Pg),B/W,1,240,,0,240,ocala
2172,2172-07-2016,On The Spot! Cleaning Services,6/13/2016,16-Jul,3lineclassified-BW-1,3 line classified,B/W,1,25,,0,25,ocala
2173,2173-07-2016,H&L Cleaning Services,6/13/2016,16-Jul,3lineclassified-BW-1,3 line classified,B/W,1,25,,0,25,ocala
2199,2199-07-2016,R. Jays,6/13/2016,16-Jul,2colX5inch(1/8Page)-BW-1,2 col. X 5 inch (1/8 Page),B/W,1,80,,0,80,ocala
2201,2201-07-2016,Bravo Home Services,6/13/2016,16-Jul,Inserts(FullRun)-4Color-1,Inserts (Full Run),4-Color,1,422.1,,0,422.1,ocala
2202,2202-07-2016,Democratic Womens Club of Florida  Inc.,6/13/2016,16-Jul,2colX10inch-BW-1,2 col. X 10 inch,B/W,1,120,,0,120,ocala
2204,2204-07-2016,Olive Obsession,6/13/2016,16-Jul,3colX5inch-BW-1,3 col. X 5 inch,B/W,1,120,,0,120,ocala
455,455-07-2016,Friendship Center Golf Cars,6/13/2016,16-Jul,3colX8inch-4Color-1,3 col. X 8 inch,4-Color,1,269,,0,269,ocala
660,660-07-2016,Transportation by Anna (R),6/13/2016,16-Jul,3lineclassified-BW-1,3 line classified,B/W,1,25,,0,25,ocala
750,750-07-2016,Countryside Chem Dry,6/13/2016,16-Jul,3lineclassified-BW-3,3 line classified,B/W,3,75,,0,75,ocala
756,756-07-2016,Griffis Tile & Flooring,6/13/2016,16-Jul,2colX5inch(1/8Page)-BW-6,2 col. X 5 inch (1/8 Page),B/W,6,432,,0,432,ocala
772,772-07-2016,Computer Help by Arthur K. Burditt III (R),6/13/2016,16-Jul,1colX3inch-BW-1,1 col. X 3 inch,B/W,1,50,,0,50,ocala
772,772-07-2016,Computer Help by Arthur K. Burditt III (R),6/13/2016,16-Jul,4lineclassified-BW-1,4 line classified,B/W,1,30,,0,30,ocala
825,825-07-2016,Bettys Transportation,6/13/2016,16-Jul,3lineclassified-BW-6,3 line classified,B/W,6,120,,0,120,ocala
